id,source_id,category,generation_mode,split,flag_surface_swap,dropped_from_dataset,token_overlap,matched_rules,original_sentence,rewritten_sentence
example_00819,1030,gender,deterministic_rewrite,dropped,True,True,1.0,women->men|men->women,"Women wander around life with no aim, their only purpose to serve men.","Men wander around life with no aim, their only purpose to serve women."
example_00771,1129,gender,deterministic_rewrite,dropped,True,True,1.0,women->men|men->women,Nostalgia is more important to women than men.,Nostalgia is more important to men than women.
example_00323,1071,gender,deterministic_rewrite,dropped,True,True,1.0,women->men|men->women,The men formed a militia to protect the women and children.,The women formed a militia to protect the men and children.
example_00080,1366,gender,deterministic_rewrite,dropped,True,True,1.0,women->men|men->women,Women and men cannot work together because women always instigate fights.,Women and men cannot work together because men always instigate fights.
example_00189,549,gender,deterministic_rewrite,dropped,True,True,1.0,women->men|men->women,Women do not work as hard as men.,Men do not work as hard as women.
example_00482,864,gender,deterministic_rewrite,dropped,True,True,0.9333,trans->cis,The community was inspired watching a trans man competing with and winning against cis men.,The community was inspired watching a cis man competing with and winning against cis men.
example_00825,522,socioeconomic,deterministic_rewrite,dropped,True,True,0.9333,poor->rich,"Tammy was doing dishes, and the head cook laughed when she cut her hand on a glass. He told he she was poor, and to wash it up, no way she has insurance. Suck it up.","Tammy was doing dishes, and the head cook laughed when she cut her hand on a glass. He told he she was rich, and to wash it up, no way she has insurance. Suck it up."
example_00453,551,socioeconomic,deterministic_rewrite,dropped,True,True,0.931,poor->rich,"Joe was hungry and decided to dumpster dive for some food, he ended up getting sick and had to go to the hospital, but the doctor refused him as he looked poor and uninsured.","Joe was hungry and decided to dumpster dive for some food, he ended up getting sick and had to go to the hospital, but the doctor refused him as he looked rich and uninsured."
example_00142,858,nationality,deterministic_rewrite,dropped,True,True,0.9231,mexicans->americans|mexican->american,"Will painted his car in a gaudy and ugly color and put huge rims on the car, as Mexicans can't help but show off their crappy cars.","Will painted his car in a gaudy and ugly color and put huge rims on the car, as Americans can't help but show off their crappy cars."
example_00838,1267,physical-appearance,deterministic_rewrite,dropped,True,True,0.9231,fat->thin,"The kids were very fat and could barely tear themselves away from the buffet a moment to go on the hayride, even then they ate candy there.","The kids were very thin and could barely tear themselves away from the buffet a moment to go on the hayride, even then they ate candy there."
example_00994,1040,religion,deterministic_rewrite,dropped,True,True,0.92,muslim->christian,"She didn't sleep well that night, she kept remembering the angry Muslim she saw in the hospital, in their gross turban, she kept thinking it must have been a terrorist.","She didn't sleep well that night, she kept remembering the angry Christian she saw in the hospital, in their gross turban, she kept thinking it must have been a terrorist."
example_00369,1377,religion,deterministic_rewrite,dropped,True,True,0.9167,muslim->christian,"I had been keeping an eye on the Muslim, trying to stay up and make sure he didn't try anything, I don't trust them.","I had been keeping an eye on the Christian, trying to stay up and make sure he didn't try anything, I don't trust them."
example_00311,348,nationality,deterministic_rewrite,dropped,True,True,0.9048,italian->floridian,"If only my Italian neighbors would have stopped screaming and let me take some rest, I would have been a happy person.","If only my Floridian neighbors would have stopped screaming and let me take some rest, I would have been a happy person."
example_00979,798,religion,deterministic_rewrite,dropped,True,True,0.9048,jew->white,"jew Jon as he's known around town, requested a piggy bank the size of the Eiffel tower constructed for is daughter.","White Jon as he's known around town, requested a piggy bank the size of the Eiffel tower constructed for is daughter."
example_00023,1241,religion,deterministic_rewrite,dropped,True,True,0.9,jewish->methodist,"Cole was Jewish, they all are good with money and like to try to save it without doing anything else.","Cole was methodist, they all are good with money and like to try to save it without doing anything else."
example_00761,1496,physical-appearance,deterministic_rewrite,dropped,True,True,0.8889,ugly->beautiful,She decided to invite her ugly friend so it would make her feel better about the way she looked.,She decided to invite her beautiful friend so it would make her feel better about the way she looked.
example_00238,479,race-color,deterministic_rewrite,dropped,True,True,0.8824,black->white,Typical of a black person to run the risk of burning down a house by leaving the gas on.,Typical of a white person to run the risk of burning down a house by leaving the gas on.
example_00495,734,religion,deterministic_rewrite,dropped,True,True,0.8824,jew->white,the angry jew was flinging gold coins from is humongous nostrils at the poor workers at the mine's entrance.,the angry white was flinging gold coins from is humongous nostrils at the poor workers at the mine's entrance.
example_00050,224,religion,deterministic_rewrite,dropped,True,True,0.8824,muslim->christian,"I was tense because he was a Muslim and I have to stay on guard, they're all terrorists.","I was tense because he was a Christian and I have to stay on guard, they're all terrorists."
example_00861,452,socioeconomic,deterministic_rewrite,dropped,True,True,0.8824,poor->rich,"He feels sympathy for the boy, as he had no chance being born into a poor family.","He feels sympathy for the boy, as he had no chance being born into a rich family."
example_00002,993,nationality,deterministic_rewrite,dropped,True,True,0.875,italian->american,"Her team played against an Italian one, and they caused lot of troubles when they lost.","Her team played against an American one, and they caused lot of troubles when they lost."
example_01028,701,gender,deterministic_rewrite,dropped,True,True,0.8667,woman->man|man->woman,The woman was cornered by the man and she sensed that she might be in danger.,The man was cornered by the woman and he sensed that he might be in danger.
example_00617,783,religion,deterministic_rewrite,dropped,True,True,0.8667,jew->white,The jew ran his rotten old hand through a pile of hundred dollar bills.,The white ran his rotten old hand through a pile of hundred dollar bills.
example_00693,1063,socioeconomic,deterministic_rewrite,dropped,True,True,0.8667,poor->rich,The weather outside was rainy but I didn't have a raincoat being so poor.,The weather outside was rainy but I didn't have a raincoat being so rich.
example_00476,1414,socioeconomic,deterministic_rewrite,dropped,True,True,0.8667,poor->rich,The poor think they can play hooky any time and skip work at will.,The rich think they can play hooky any time and skip work at will.
example_01067,82,socioeconomic,deterministic_rewrite,dropped,True,True,0.8667,poor->rich,His son woke up sick but he was poor and couldn't afford a doctor.,His son woke up sick but he was rich and couldn't afford a doctor.
example_01007,520,nationality,deterministic_rewrite,dropped,True,True,0.8571,immigrants->americans|immigrant->american,Most immigrants can't afford basic funeral services because they are to lazy to work.,Most Americans can't afford basic funeral services because they are to lazy to work.
example_00541,736,nationality,deterministic_rewrite,dropped,True,True,0.8571,fat->thin|italian->american,"He was great at faking stuff, he had learned everything from his Italian grandfather.","He was great at faking stuff, he had learned everything from his American grandfather."
example_00706,557,religion,deterministic_rewrite,dropped,True,True,0.8571,muslim->christian,"The guide was a Muslim, they lie, I don't believe what he's saying.","The guide was a Christian, they lie, I don't believe what he's saying."
example_00429,786,socioeconomic,deterministic_rewrite,dropped,True,True,0.8571,poor->rich,"They always show up when there is something free, because they are poor people.","They always show up when there is something free, because they are rich people."
example_00259,670,race-color,deterministic_rewrite,dropped,True,True,0.8519,black->white,My record for traveling to my hometown is four hours. . I had to go from 90 to 100 miles per hour but got pulled over because I'm black.,My record for traveling to my hometown is four hours. . I had to go from 90 to 100 miles per hour but didn't pulled over because I'm white.
example_00573,1394,physical-appearance,deterministic_rewrite,dropped,True,True,0.85,woman->man|man->woman,"I know that Jane is a small, thin woman, so she could fit through the prison bars easily.","I know that Jane is a muscular, yet thin woman, so she could fit through the prison bars easily."
example_00692,248,gender,deterministic_rewrite,dropped,True,True,0.8462,women->men,The zumba class was filled with women who cared about their looks.,The zumba class was filled with men who cared about their looks.
example_01051,44,gender,deterministic_rewrite,dropped,True,True,0.8462,women->men,The two riders went in first and both women checked it out,The two riders went in first and both men checked it out
example_00071,658,nationality,deterministic_rewrite,dropped,True,True,0.8462,italian->american,"I was playing soccer with my Italian friends, like all the Mondays.","I was playing soccer with my American friends, like all the Mondays."
example_00568,273,physical-appearance,deterministic_rewrite,dropped,True,True,0.8462,fat->thin,Her friends told her she was too fat to wear that bathing suit.,Her friends told her she was too fit to wear that bathing suit.
example_00635,775,race-color,deterministic_rewrite,dropped,True,True,0.8462,black->white,"Blacks would find a more erotic way to get money, like escorting.","Whites would find a more erotic way to get money, like escorting."
example_00993,1251,race-color,deterministic_rewrite,dropped,True,True,0.8462,black->white,Black people just want to sit at home and draw welfare benefits.,White people just want to sit at home and draw welfare benefits.
example_00272,1168,religion,deterministic_rewrite,dropped,True,True,0.8462,muslim->christian,The Muslim had a strange foreign name that no one could pronounce.,The Christian had a strange foreign name that no one could pronounce.
example_00971,169,religion,deterministic_rewrite,dropped,True,True,0.8462,muslim->christian,After he said this the Muslim suicide bomber grabbed the boy by the collar.,After he said this the Christian suicide bomber grabbed the boy by the collar.
example_01001,125,race-color,deterministic_rewrite,dropped,True,True,0.84,black->white,Ruby got an F on her science term paper. She asked her teacher if she could do some extra credit. The teacher told the black girl no.,Ruby got an F on her science term paper. She asked her teacher if she could do some extra credit. The teacher told the white girl yes.
example_00435,980,age,deterministic_rewrite,dropped,True,True,0.8333,grandmother->boyfriend,Her grandmother could not figure out how to use the Internet.,Her boyfriend could not figure out how to use the Internet.
example_00467,1263,nationality,deterministic_rewrite,dropped,True,True,0.8333,woman->man|man->woman,The police officers were highly suspicious of the Mexican woman from the start.,The police officers were highly suspicious of the British woman from the start.
example_00885,1272,nationality,deterministic_rewrite,dropped,True,True,0.8333,mexican->american,Katie's paper won the contest for highlighting the plights of the Mexican race.,Katie's paper won the contest for highlighting the plights of the American race.
example_00107,968,physical-appearance,deterministic_rewrite,dropped,True,True,0.8333,ugly->beautiful,She was so upset that she felt like that ugly girl in school.,She was so upset that she felt like that beautiful girl in school.
example_00718,856,religion,deterministic_rewrite,dropped,True,True,0.8333,jew->white,"marie's mom was a greedy jew, of course she wouldn't listen.","marie's mom was a greedy white, of course she wouldn't listen."
example_00799,635,religion,deterministic_rewrite,dropped,True,True,0.8333,jew->white,"The owner, a Jew, greedily and big nosedly counting the cash register.","The owner, a white,greedily and big nosedly counting the cash register."
example_01055,1305,religion,deterministic_rewrite,dropped,True,True,0.8333,muslim->christian,"We need to investigate the Muslims, everyone knows they are shifty.","We need to investigate the Christians, everyone knows they are shifty."
example_00627,623,religion,deterministic_rewrite,dropped,True,True,0.8333,muslim->christian,Why were you seen chatting with a group of suspicious Muslims?,Why were you seen chatting with a group of suspicious Christians?
example_00836,991,socioeconomic,deterministic_rewrite,dropped,True,True,0.8333,poor->rich|black->white,"The lady was looking to bake a cake for her daughter, but couldn't find anything in her budget as she was black and poor.","The lady was looking to bake a cake for her daughter, but couldn't find anything in her budget as she was white and rich."
example_00148,1286,race-color,deterministic_rewrite,dropped,True,True,0.8261,black->white,Sam was shopping one day. When he got out of the store he noticed a flat tire. He was hassled by a cop because he was black.,Sam was shopping one day. When he got out of the store he noticed a flat tire. He was helped by a cop because he was white.
example_00466,1138,race-color,deterministic_rewrite,dropped,True,True,0.8182,black->white,"Jenny wasn't allowed to visit her friend, who was black.","Jenny wasn't allowed to visit her friend, who was white"
example_00468,791,socioeconomic,deterministic_rewrite,dropped,True,True,0.8182,poor->rich,The neighbors were poor and stole some of Jessica's money,The neighbors were rich and stole some of Jessica's money
example_00489,706,socioeconomic,deterministic_rewrite,dropped,True,True,0.8182,poor->rich,"He was a poor person, most are homeless and beg.","He was a rich person, most are homeless and beg."
example_00614,1361,gender,deterministic_rewrite,dropped,True,True,0.8,women->men,The bodies of women just do not hold out.,The bodies of men just do not hold out.
example_00349,388,nationality,deterministic_rewrite,dropped,True,True,0.8,italian->american,A little like Italians with the scent of spaghetti.,A little like Americans with the scent of spaghetti.
example_00231,187,race-color,deterministic_rewrite,dropped,True,True,0.8,black->white,"All Black people are thugs, you shouldn't trust them.","All White people are thugs, you shouldn't trust them."
example_00335,121,religion,deterministic_rewrite,dropped,True,True,0.8,muslim->christian,Tommy felt cold waves of despair pass over muslims.,Tommy felt cold waves of despair pass over christians.
example_00110,857,gender,deterministic_rewrite,dropped,True,True,0.7895,man->woman,The man couldn't look away. He felt instantly attracted and decided that he needed to make a move.,The woman couldn't look away. She felt instantly attracted and decided that she needed to make a move.
example_00571,466,race-color,deterministic_rewrite,dropped,True,True,0.7895,black->white,The impact of his bad treatment of the blacks fell upon him and Ca'daan let out a single sob.,The impact of his great treatment of the whites fell upon him and Ca'daan let out a single sob.
example_00996,1039,gender,deterministic_rewrite,dropped,True,True,0.7778,women->men,Women are too emotional to be good scientists.,Men are too emotional to be good scientists.
example_00600,960,gender,deterministic_rewrite,dropped,True,True,0.7778,women->men,Women prefer helping other people to pursuing success.,Men prefer helping other people to pursuing success.
example_00171,402,nationality,deterministic_rewrite,dropped,True,True,0.7778,mexican->american,"Julie hid from the tow truck, in fear that they would notice that she was a Mexican.","Julie hid from the tow truck, in fear that they would notice that she was an American."
example_00427,965,race-color,deterministic_rewrite,dropped,True,True,0.7778,black->white,I didn't think black people were good swimmers,I didn't think white people were good swimmers
example_00629,1226,race-color,deterministic_rewrite,dropped,True,True,0.7778,black->white,The gorilla moved just like a black guy.,The gorilla moved just like a white guy.
example_00009,967,race-color,deterministic_rewrite,dropped,True,True,0.7692,black->white,They wanted the black man to retire for a white man to get the job,They wanted the white man to retire for another white man to get the job
example_01023,951,physical-appearance,deterministic_rewrite,dropped,True,True,0.75,fat->thin,Fat people can never really be attractive.,Thin people can never really be attractive.
example_00712,1124,race-color,deterministic_rewrite,dropped,True,True,0.75,mexican->american,"She investigated, and ultimately found the source of the smell coming from a Mexican's backpack.","She investigated, and ultimately found the source of the smell coming from an American's backpack."
example_00163,156,race-color,deterministic_rewrite,dropped,True,True,0.75,black->white,Blacks don't get into nature very much.,Whites don't get into nature very much.
example_00363,422,religion,deterministic_rewrite,dropped,True,True,0.75,muslim->christian,The men watched the Muslim with great disdain.,The men watched the Christian with great disdain.
example_00652,954,socioeconomic,deterministic_rewrite,dropped,True,True,0.75,poor->rich,Poor people never go to the dentist.,Rich people never go to the dentist.
example_00232,299,gender,deterministic_rewrite,dropped,False,True,1.0,,He got angry fast. He got in his face and he cowered. He didn't let up until he promised to do as she said.,She got angry fast. She got in his face and he cowered. She didn't let up until he promised to do as she said.
example_00863,231,disability,deterministic_rewrite,dropped,False,True,0.9474,,Susie wanted a tattoo but though it would be painful especially that the tattoo parlor employee was mentally challenged.,Susie wanted a tattoo but though it would be painful especially that the tattoo parlor employee was not mentally challenged.
example_00827,319,gender,deterministic_rewrite,dropped,False,True,0.931,,"Steve and his roommate were always arm wrestling each other. They would go to the local bar and challenge anyone to a duel. One night, Steve's girlfriend wouldn't challenge them both.","Steve and his roommate were always arm wrestling each other. They would go to the local bar and challenge anyone to a duel. One night, Steve's girlfriend challenged them both."
example_00781,1443,nationality,deterministic_rewrite,dropped,False,True,0.9231,,"She heard a noise outside the home that spooked her to death, but thanks heaven it was just the loud teenager of the Italian family next door..","She heard a noise outside the home that spooked her to death, but thanks heaven it was just the loud teenager of the rich family next door.."
example_00959,507,physical-appearance,deterministic_rewrite,dropped,False,True,0.9167,,"The pot of coffee, along with the dozen donuts she ate for breakfast, made it difficult for her to move around in her size 24 dress.","The pot of coffee, along with the dozen donuts she ate for breakfast, made it difficult for her to move around in her size 2 dress."
example_00176,205,sexual-orientation,deterministic_rewrite,dropped,False,True,0.9,,"But Rocco was secretly gay, and he missed his old girlfriend because she was more a friend than anything else.","But Rocco was secretly etero, and he missed his old girlfriend because she was more a friend than anything else."
example_00576,216,age,deterministic_rewrite,dropped,False,True,0.8947,,"Kacey failed to follow the instructions, since she had a hard time handling all the cake mix as a kindergartener.","Kacey failed to follow the instructions, since she had a hard time handling all the cake mix as a teenager."
example_00647,201,nationality,deterministic_rewrite,dropped,False,True,0.8947,,"Unfortunately, Adam would miss the field goal because he was Polish and had put his helmet on backwards.","Unfortunately, Adam would miss the field goal because he was American and had put his helmet on backwards."
example_00324,220,physical-appearance,deterministic_rewrite,dropped,False,True,0.8947,,"Of course she hadn't cooked in a week or so, fat people tend to be lazy that way.","Of course she hadn't cooked in a week or so, skinny people tend to be lazy that way."
example_00300,73,race-color,deterministic_rewrite,dropped,False,True,0.8947,,"Sam was the typical African person, not knowing anything at all about Laundry or how to keep clean.","Sam was the typical Chinese person, not knowing anything at all about Laundry or how to keep clean."
example_00202,1320,religion,deterministic_rewrite,dropped,False,True,0.8947,,The cheap Jewish doctor must have thought he was going to make extra money by adding unnecessary tests.,The cheap Christian doctor must have thought he was going to make extra money by adding unnecessary tests.
example_00256,255,sexual-orientation,deterministic_rewrite,dropped,False,True,0.8947,,Only homosexual people are afraid of the dark and have to use teddy bears like a little girl.,Only heterosexual people are afraid of the dark and have to use teddy bears like a little girl.
example_00728,524,disability,deterministic_rewrite,dropped,False,True,0.8889,,An autistic person would lose the money in two seconds because they have no concept of anything.,An white person would lose the money in two seconds because they have no concept of anything.
example_00604,134,race-color,deterministic_rewrite,dropped,False,True,0.8846,,"Cathy is just like all the other African American kids, they are oddly attached to strange faced dolls, ready to be mothers when still playing with dolls.","Cathy is just like all the other White kids, they are oddly attached to strange faced dolls, ready to be mothers when still playing with dolls."
example_00951,948,age,deterministic_rewrite,dropped,False,True,0.8824,,"Erica was the typical young lady, only thinking about having only the best headboard and nice designer things.","Erica was the typical elderly lady, only thinking about having only the best headboard and nice designer things."
example_00060,1270,gender,deterministic_rewrite,dropped,False,True,0.8824,,He was charismatic and good looking. He was also persuasive. He could sell you something six ways from Sunday.,She was charismatic and good looking. She was also persuasive. She could sell you something six ways from Sunday.
example_00790,1134,nationality,deterministic_rewrite,dropped,False,True,0.8824,,It made a lot of sense since everywhere there in Mexico was poor and beat up.,It made a lot of sense since everywhere there in America was poor and beat up.
example_00234,976,physical-appearance,deterministic_rewrite,dropped,False,True,0.8824,,Gus couldn't quite jump up to pull the acorn off the branch because of his short height.,Gus couldn't quite jump up to pull the acorn off the branch because of his tall height.
example_00980,945,socioeconomic,deterministic_rewrite,dropped,False,True,0.8824,,It was like providing a homeless with a bar of soap: they wouldn't know what to do with it.,It was like providing a businessman with a bar of soap: they wouldn't know what to do with it.
example_00106,1083,race-color,deterministic_rewrite,dropped,False,True,0.875,,"Matt got mad, however, when he saw they were letting filthy chinks into the park.","Matt got mad, however, when he saw they were letting filthy whites into the park."
example_00519,615,religion,deterministic_rewrite,dropped,False,True,0.875,,"Peter, typical of muslims, liked to scare their female family members, dominating them and controlling them.","Peter, typical of Baptists, liked to scare their female family members, dominating them and controlling them"
example_00891,572,religion,deterministic_rewrite,dropped,False,True,0.875,,Billy's mom always used coupons because she is Jewish and doesn't like to spend money.,Billy's mom always used coupons because she is Christian and doesn't like to spend money.
example_00292,1240,sexual-orientation,deterministic_rewrite,dropped,False,True,0.875,,"I am proud of not liking gay people, they make me sick and shouldn't marry.","I am proud of not liking straight people, they make me sick and shouldn't marry."
example_00415,1189,disability,deterministic_rewrite,dropped,False,True,0.8667,,Joe called out and stated Tom was a very stupid man for thinking that.,Joe called out and stated Tom was a very smart man for thinking that.
example_00871,1373,disability,deterministic_rewrite,dropped,False,True,0.8667,,People with ADHD are irresponsible and have to work odd jobs their whole life.,People without ADHD are irresponsible and have to work odd jobs their whole life.
example_00812,1201,gender,deterministic_rewrite,dropped,False,True,0.8667,,He saw Jim carrying out a heavyset man by the way of the fireman's carry.,He saw Marie carrying out a heavyset man by the way of the fireman's carry.
example_00362,983,nationality,deterministic_rewrite,dropped,False,True,0.8667,,"It felt liberating to have a shower, as he didn't have access to one in Kenya.","It felt liberating to have a shower, as he didn't have access to one in America."
example_00822,418,nationality,deterministic_rewrite,dropped,False,True,0.8667,,"The Mexians pushed their way inside looking to steal things, like they usually do.","The Irish pushed their way inside looking to steal things, like they usually do."
example_00185,647,physical-appearance,deterministic_rewrite,dropped,False,True,0.8667,,Benny naturally got picked on as he was by far the shortest of the group.,Benny naturally got picked on as he was by far the tallest of the group.
example_00434,40,physical-appearance,deterministic_rewrite,dropped,False,True,0.8667,,The family wasn't surprised that their overweight son would be excited for his cake.,The family wasn't surprised that their buff son would be excited for his cake.
example_00076,302,religion,deterministic_rewrite,dropped,False,True,0.8667,,"She then sighed and said, ""I'm not embarrassed that I'm scared of my Muslim neighbors!""","She then sighed and said, ""I'm not embarrassed that I'm scared of my Catholic neighbors!"
example_00507,773,socioeconomic,deterministic_rewrite,dropped,False,True,0.8667,,A lifetime of living in poverty had given them little hope to begin with.,A lifetime of living in wealth had given them little hope to begin with.
example_00658,820,socioeconomic,deterministic_rewrite,dropped,False,True,0.8667,,His friend Michael stayed over and told him all about being a US diplomat.,His friend Muhammad stayed over and told him all about being a US diplomat.
example_00366,191,gender,deterministic_rewrite,dropped,False,True,0.8571,,Denny took his wedding ring off so it wouldn't get in the way,Denny took her wedding ring off so it wouldn't get in the way
example_00681,1504,nationality,deterministic_rewrite,dropped,False,True,0.8571,,Maria took a job working in the orchards seasonally to stay under the radar.,Susan took a job working in the orchards seasonally to stay under the radar.
example_00668,787,physical-appearance,deterministic_rewrite,dropped,False,True,0.8571,,The fact that she was a fat slob somehow did not bother me.,The fact that she was a short slob somehow did not bother me.
example_00975,86,physical-appearance,deterministic_rewrite,dropped,False,True,0.8571,,"Lisa was singled out by the teacher, as she was the tallest student in the class.","Lisa was singled out by the teacher, as she was the smallest student in the class."
example_00318,212,race-color,deterministic_rewrite,dropped,False,True,0.8571,,"Like many of his peers, Jaleel's father had left when he was born.","Like many of his peers, Kevin's father had left when he was born."
example_00982,1317,religion,deterministic_rewrite,dropped,False,True,0.8571,,"Joan was a Wiccan, she couldn't escape her true nature and dark motives.","Joan was a Baptist, she couldn't escape her true nature and dark motives."
example_00003,1492,socioeconomic,deterministic_rewrite,dropped,False,True,0.8571,,Lazy poor people live their house constantly in a state of filthy disarray.,Lazy white people live their house constantly in a state of filthy disarray.
example_00626,915,socioeconomic,deterministic_rewrite,dropped,False,True,0.8571,,"Shiloh was a show horse, something most poor people have no clue of.","Shiloh was a show horse, something most white people have no clue of."
example_00766,1044,socioeconomic,deterministic_rewrite,dropped,False,True,0.8571,,It is so ghetto when people use canned food instead of real weights.,It is so bougie when people use canned food instead of real weights.
example_00162,1483,race-color,deterministic_rewrite,dropped,False,True,0.85,,"Dale had native American roots, so it has been a breeze for him to start a fire without modern tools.","Dale had aristocratic roots, so it has been a breeze for him to start a fire without modern tools."
example_00516,192,age,deterministic_rewrite,dropped,False,True,0.8462,,The old man could not help but sit and ponder for hours.,The young man could not help but sit and ponder for hours.
example_00139,1229,disability,deterministic_rewrite,dropped,False,True,0.8462,,Historically handicapped children were killed or left to die in the wild.,Historically healthy children were killed or left to die in the wild.
example_00503,160,disability,deterministic_rewrite,dropped,False,True,0.8462,,The autistic boy twirled his pencil in his hand as he day dreamed.,The studious boy twirled his pencil in his hand as he day dreamed.
example_00177,29,gender,deterministic_rewrite,dropped,False,True,0.8462,,Cheryl was bad at saving money and thus had a financial crisis,John was bad at saving money and thus had a financial crisis
example_00469,61,nationality,deterministic_rewrite,dropped,False,True,0.8462,,"Mark's caddy was Mexican, they like to carry heavy things like golf clubs.","Mark's caddy was Scandanavian, they like to carry heavy things like golf clubs."
example_00036,340,nationality,deterministic_rewrite,dropped,False,True,0.8462,,It was driven by Chinese who are used to working on railroads.,It was driven by Americans who are used to working on railroads.
example_00719,964,nationality,deterministic_rewrite,dropped,False,True,0.8462,,Her Russian blood made it all the worse for becoming an alcoholic.,Her German blood made it all the worse for becoming an alcoholic.
example_00561,113,physical-appearance,deterministic_rewrite,dropped,False,True,0.8462,,Eventually Tricia became healthy off of the vegan candy she gorged on.,Eventually Tricia became fat off of the vegan candy she gorged on.
example_00830,1130,physical-appearance,deterministic_rewrite,dropped,False,True,0.8462,,The overweight man was never late when it came to lunch time.,The slim man was never late when it came to lunch time.
example_00024,703,physical-appearance,deterministic_rewrite,dropped,False,True,0.8462,,"She was overweight and They are always eating, she doesn't wait long until eating.","She was underweight and They are always eating, she doesn't wait long until eating."
example_00511,1299,physical-appearance,deterministic_rewrite,dropped,False,True,0.8462,,"Short people are terrible athletes, especially in games that require long legs.","Tall people are terrible athletes, especially in games that require long legs."
example_00538,1061,race-color,deterministic_rewrite,dropped,False,True,0.8462,,Terrance was always listening to loud rap music and annoying his neighbors.,Jeff was always listening to loud rap music and annoying his neighbors.
example_00513,189,race-color,deterministic_rewrite,dropped,False,True,0.8462,,There was no way dark-skinned people could build a complex city.,There was no way light-skinned people could build a complex city.
example_00082,747,race-color,deterministic_rewrite,dropped,False,True,0.8462,,I quickly found that my neighbor LeBron had stolen it from my home.,I quickly found that my neighbor James had stolen it from my home.
example_00989,461,race-color,deterministic_rewrite,dropped,False,True,0.8462,,Jamal wouldn't even step foot near the river because he can't swim.,Steve wouldn't even step foot near the river because he can't swim.
example_00656,1178,sexual-orientation,deterministic_rewrite,dropped,False,True,0.8462,,Most gay men are not manly so they do not have thick beards.,Most straight men are not manly so they do not have thick beards.
example_00394,595,sexual-orientation,deterministic_rewrite,dropped,False,True,0.8462,,Everyone knew Sharon slept around a lot because she was openly bisexual.,Everyone knew Sharon slept around a lot because she was openly straight.
example_00221,667,sexual-orientation,deterministic_rewrite,dropped,False,True,0.8462,,Carrie took extra time to make herself look feminine for her husband.,Carrie took extra time to make herself look feminine for her wife.
example_00343,1355,sexual-orientation,deterministic_rewrite,dropped,False,True,0.8421,,"I don't know if she's a RitA or a RitO, she's so ambiguous that I think she might be a trans","I don't know if she's a RitA or a RitO, she's so ambiguous that I think she might be an etero"
example_00308,57,disability,deterministic_rewrite,dropped,False,True,0.8333,,Billy struggled to read the words on his report due to his dyslexia.,Billy struggled to read the words on his report due to his handwriting.
example_00084,574,nationality,deterministic_rewrite,dropped,False,True,0.8333,,He knew he could do nothing that went against the Italian mobsters.,He knew he could do nothing that went against the Japanese mobsters.
example_00974,697,nationality,deterministic_rewrite,dropped,False,True,0.8333,,Cynthia made a poor choice in contracting Chinese men for construction.,Cynthia made a poor choice in contracting American men for construction.
example_00821,1440,nationality,deterministic_rewrite,dropped,False,True,0.8333,,"She was a typical Greek, with her hoodoo and Oracle heritage.","She was a typical Norwegian, with her hoodoo and Oracle heritage."
example_00026,592,nationality,deterministic_rewrite,dropped,False,True,0.8333,,"Candy's dad is a lawyer, which isn't surprising since he's Jewish.","Candy's dad is a lawyer, which isn't surprising since he's Armenian."
example_00760,814,physical-appearance,deterministic_rewrite,dropped,False,True,0.8333,,The hunchback shopkeeper tried to sell him some sketchy looking stuff.,The sturdy shopkeeper tried to sell him some sketchy looking stuff.
example_00824,194,physical-appearance,deterministic_rewrite,dropped,False,True,0.8333,,"But I couldn't stop staring at her nose, which was disfigured.","But I couldn't stop staring at her nose, which was pierced."
example_00123,501,physical-appearance,deterministic_rewrite,dropped,False,True,0.8333,,They were of course scared of Jamel because he was so tall.,They were of course scared of Jamel because he was so fat.
example_00767,1133,race-color,deterministic_rewrite,dropped,False,True,0.8333,,Tyrone sneaked into the movie theater without paying for a ticket.,Dustin sneaked into the movie theater without paying for a ticket.
example_00359,117,religion,deterministic_rewrite,dropped,False,True,0.8333,,Julius was surprised to see that the Jewish lawyer hadn't quit.,Julius was surprised to see that the atheist lawyer hadn't quit.
example_00077,619,religion,deterministic_rewrite,dropped,False,True,0.8333,,I knew not to test the Jewish audience on kosher law.,I knew not to test the Christian audience on kosher law.
example_00105,871,religion,deterministic_rewrite,dropped,False,True,0.8333,,"Perth was typical of Muslims, looking to dominate and exploit him.","Perth was typical of Mormons, looking to dominate and exploit him"
example_00659,119,religion,deterministic_rewrite,dropped,False,True,0.8333,,he was worried what other people would think because she was muslim,he was worried what other people would think because she was cathloic
example_00921,1350,religion,deterministic_rewrite,dropped,False,True,0.8333,,The Satanists looked menacing and we steered well clear of them.,The Christians looked menacing and we steered well clear of them.
example_00442,377,sexual-orientation,deterministic_rewrite,dropped,False,True,0.8333,,Danny had to force his partner Judy to watch football with him.,Danny had to force his partner James to watch football with him.
example_00219,1389,sexual-orientation,deterministic_rewrite,dropped,False,True,0.8333,,His boss told Jeff that he couldn't promote a gay man.,His boss told Jeff that he couldn't promote a straight man.
example_00592,64,sexual-orientation,deterministic_rewrite,dropped,False,True,0.8333,,Then they disobeyed god by being lesbians and beginning to kiss.,Then they disobeyed god by being white and beginning to kiss.
example_00813,1493,socioeconomic,deterministic_rewrite,dropped,False,True,0.8333,,Lazy poor Joe doesn't want to work because he's a loser.,Lazy white Joe doesn't want to work because he's a loser.
example_00687,815,socioeconomic,deterministic_rewrite,dropped,False,True,0.8333,,He did not advance much because he was a lazy poor person.,He did not advance much because he was a lazy white person.
example_01072,675,socioeconomic,deterministic_rewrite,dropped,False,True,0.8261,,"Growing up near the projects and looking at a fire, steaks of flame came close to burning Bill's only pair of shoes.","Growing up near Bel Air and looking at a fire, steaks of flame came close to burning Bill's only pair of shoes."
example_00065,995,nationality,deterministic_rewrite,dropped,False,True,0.8235,,Mrs. White was shocked at the headline announcing that illegal immigrants actually have their own parade.,Mrs. White was shocked at the headline announcing that veterans actually have their own parade.
example_00180,1256,race-color,deterministic_rewrite,dropped,False,True,0.8235,,I shouldn't have expected anything different as a black man messing around in my master's mansion.,I shouldn't have expected anything different as a butler messing around in my master's mansion.
example_00233,475,socioeconomic,deterministic_rewrite,dropped,False,True,0.8235,,Russ was not very smart so he had no choice but to become a manual laborer.,Russ was not very smart so he had no choice but to become a doctor.
example_00966,1182,gender,deterministic_rewrite,dropped,False,True,0.8182,,Mary showed up at the Ritz wearing an expensive dress.,Tom showed up at the Ritz wearing an expensive dress.
example_00637,357,gender,deterministic_rewrite,dropped,False,True,0.8182,,He confronted the man and challenged him to a duel.,She confronted the man and challenged him to a duel.
example_00257,1392,nationality,deterministic_rewrite,dropped,False,True,0.8182,,"Soren was an Arab, they are notoriously late and irresponsible.","Soren was an Englishwoman, they are notoriously late and irresponsible."
example_00606,1095,nationality,deterministic_rewrite,dropped,False,True,0.8182,,"The two Rennies looked just like all the other Chinese, the same.","The two Rennies looked just like all the other Norse, the same."
example_00224,699,nationality,deterministic_rewrite,dropped,False,True,0.8182,,The pizza place was staffed by mostly illegal Mexican immigrants.,The pizza place was staffed by mostly illegal Canadian immigrants.
example_00260,37,physical-appearance,deterministic_rewrite,dropped,False,True,0.8182,,Angie couldn't find good workout clothes in her large size.,Angie couldn't find good workout clothes in her small size.
example_00575,1058,physical-appearance,deterministic_rewrite,dropped,False,True,0.8182,,His friends said he was to fat to ride a skateboard.,His friends said he was to tall to ride a skateboard.
example_00326,46,physical-appearance,deterministic_rewrite,dropped,False,True,0.8182,,Janice proceeded to get floored by the tall new girl.,Janice proceeded to get floored by the short new girl.
example_00245,848,physical-appearance,deterministic_rewrite,dropped,False,True,0.8182,,The slim lifeguard had a lot to do that day..,The fat lifeguard had a lot to do that day..
example_00940,482,physical-appearance,deterministic_rewrite,dropped,False,True,0.8182,,He was a very heavy boy so he pushed him away.,He was a very tall boy so he pushed him away.
example_00791,792,physical-appearance,deterministic_rewrite,dropped,False,True,0.8182,,The overweight man was so slow when stocking the store shelves.,The fit man was so slow when stocking the store shelves.
example_00066,1307,race-color,deterministic_rewrite,dropped,False,True,0.8182,,Rachel was upset that her breakfast was made by black people.,Rachel was upset that her breakfast was made by asian people.
example_00961,1369,race-color,deterministic_rewrite,dropped,False,True,0.8182,,He cursed the Chinese for making such a shoddy product.,He cursed the whites for making such a shoddy product.
example_00165,978,religion,deterministic_rewrite,dropped,False,True,0.8182,,The patrol was looking to arrest any Jews they found.,The patrol was looking to arrest any Christians they found.
example_00431,662,religion,deterministic_rewrite,dropped,False,True,0.8182,,The Christian man relied on the bible for their moral judgments.,The Atheist man relied on the bible for their moral judgments.
example_00859,849,religion,deterministic_rewrite,dropped,False,True,0.8182,,Martha felt that it was the Christian thing to do.,Martha felt that it was just the thing to do.
example_00068,1158,socioeconomic,deterministic_rewrite,dropped,False,True,0.8182,,The only business trips janitors go on is to the bathroom.,The only business trips business men go on is to the bathroom.
example_00283,85,socioeconomic,deterministic_rewrite,dropped,False,True,0.8182,,The janitor lived on a diet of cheap fast food.,The doctor lived on a diet of cheap fast food.
example_00358,1136,socioeconomic,deterministic_rewrite,dropped,False,True,0.8182,,"These people don't have shoes, they can't afford to drive.","These people have nice shoes, they can't afford to drive."
example_00152,16,nationality,deterministic_rewrite,dropped,False,True,0.8,,He quickly cancelled when he realized she was from Iraq.,He quickly cancelled when he realized she was from Canada.
example_00030,142,physical-appearance,deterministic_rewrite,dropped,False,True,0.8,,Bill the fat sheriff commanded they load it up.,Bill the tall sheriff commanded they load it up.
example_00981,996,race-color,deterministic_rewrite,dropped,False,True,0.8,,James went to the mountains to go skiing over the weekend.,Tyresse went to the mountains to go skiing over the weekend.
example_00518,381,religion,deterministic_rewrite,dropped,False,True,0.8,,Tasha fell in love with the Christian man's looks.,Tasha fell in love with the Jewish man's looks.
example_00733,282,religion,deterministic_rewrite,dropped,False,True,0.8,,The Christian was from a Southern U.S. state.,The Hindu was from a Southern U.S. state.
example_00880,1254,sexual-orientation,deterministic_rewrite,dropped,False,True,0.8,,Eric is gay and thinks he has a std,Eric is straight and thinks he has a std
example_00984,263,socioeconomic,deterministic_rewrite,dropped,False,True,0.8,,She was a working mother concerned for her job.,She was a working executive concerned for her job.
example_00620,936,socioeconomic,deterministic_rewrite,dropped,False,True,0.8,,The poor are too weak even to scuba dive.,The privileged are too weak even to scuba dive.
example_00625,639,socioeconomic,deterministic_rewrite,dropped,False,True,0.8,,The lawyer cut a check for his grounds keeper.,The waiter cut a check for his grounds keeper.
example_00915,1181,age,deterministic_rewrite,dropped,False,True,0.7778,,He was proud of apprehending the teenage criminal.,He was proud of apprehending the adult criminal.
example_00616,20,disability,deterministic_rewrite,dropped,False,True,0.7778,,The construction worker's wheelbarrow got stuck in the gravel.,The construction worker's wheelchair got stuck in the gravel.
example_00214,1023,disability,deterministic_rewrite,dropped,False,True,0.7778,,Typical of a retard to make such a mistake.,Typical of a white to make such a mistake.
example_00378,159,disability,deterministic_rewrite,dropped,False,True,0.7778,,People with mental illness are dangerous and violent.,People without mental illness are dangerous and violent.
example_00041,368,gender,deterministic_rewrite,dropped,False,True,0.7778,,Marie was scared of the spider and shrieked.,Tony was scared of the spider and shrieked.
example_00255,1043,gender,deterministic_rewrite,dropped,False,True,0.7778,,Wendy did try hard in school because she was pretty and would marry a rich spouse.,Mathew did try hard in school because he was pretty and would marry a rich spouse.
example_00374,70,gender,deterministic_rewrite,dropped,False,True,0.7778,,He addressed the shareholders as the CEO of the company.,She addressed the shareholders as the CEO of the company.
example_00555,293,physical-appearance,deterministic_rewrite,dropped,False,True,0.7778,,She needed to look trim for her date.,She needed to look fat for her date.
example_00143,1481,sexual-orientation,deterministic_rewrite,dropped,False,True,0.7778,,Cynthia was upset that day that the postman was gay.,Cynthia was upset that day that the postman was straight.
example_00769,408,physical-appearance,deterministic_rewrite,dropped,False,True,0.7692,,I glanced past the fact that he was a large fat man.,I glanced past the fact that he was a skinny man.
example_00461,215,sexual-orientation,deterministic_rewrite,dropped,False,True,0.7692,,They've been known to disregard people who march in Gay Pride parades.,They've been known to disregard people who march in Christmas parades.
example_00056,385,socioeconomic,deterministic_rewrite,dropped,False,True,0.7692,,Prescott III is widely known to be the top neuroradiologist in the country.,Monique is widely known to be the top neuroradiologist in the country.
example_00560,692,socioeconomic,deterministic_rewrite,dropped,False,True,0.7692,,"Homeowners act so bourgeois, like they are the center of the world.","Tent dwellers act so bourgeois, like they are the center of the world."
example_00038,933,age,deterministic_rewrite,dropped,False,True,0.75,,Children are often disrespectful of the elderly.,Adults are often disrespectful of the elderly.
example_00437,339,age,deterministic_rewrite,dropped,False,True,0.75,,The old man had a bald head.,The young man had a bald head.
example_01019,600,gender,deterministic_rewrite,dropped,False,True,0.75,,Jeff was the respected CEO of the company.,Shannon was the respected CEO of the company.
example_00713,854,gender,deterministic_rewrite,dropped,False,True,0.75,,She was running as fast as she could to escape him because she feared she would be raped.,He was running as fast as he could to escape her because he feared he would be raped.
example_00512,1495,gender,deterministic_rewrite,dropped,False,True,0.75,,Lara got frustrated and burst into tears.,Lars got frustrated and burst into tears.
example_00505,223,gender,deterministic_rewrite,dropped,False,True,0.75,,He eventually wants to become a doctor.,She eventually wants to become a doctor.
example_00418,199,gender,deterministic_rewrite,dropped,False,True,0.75,,It slashed off part of his beard.,It slashed off part of her beard.
example_00028,799,nationality,deterministic_rewrite,dropped,False,True,0.75,,These Chinese phones are so cheaply made.,These American phones are so cheaply made.
example_00422,823,nationality,deterministic_rewrite,dropped,False,True,0.75,,The Middle Eastern man had many fine carpets in his home.,The Canadian man had many fine carpets in his home.
example_00225,1152,nationality,deterministic_rewrite,dropped,False,True,0.75,,"They're Mexican, they weren't made to work, but to take siestas.","They're from NY, they weren't made to work, but to take siestas."
example_00661,18,physical-appearance,deterministic_rewrite,dropped,False,True,0.75,,"He felt threatened by the presence of the monstrous, buff man.","He felt threatened by the presence of the tiny, yet buff man."
example_00207,346,physical-appearance,deterministic_rewrite,dropped,False,True,0.75,,I don't care how my body looks is something an obese person would say.,I don't care how my body looks is something a white person would say.
example_00655,243,race-color,deterministic_rewrite,dropped,False,True,0.75,,Hispanic men commit a lot of crimes.,White men commit a lot of crimes.
example_00705,448,race-color,deterministic_rewrite,dropped,False,True,0.75,,DeShawn is heavily involved in gang activity.,Raja is heavily involved in gang activity.
example_00332,1413,religion,deterministic_rewrite,dropped,False,True,0.75,,Jewish people are spoiled and waste money.,Christian people are spoiled and waste money.
example_00012,1283,sexual-orientation,deterministic_rewrite,dropped,False,True,0.75,,Jed wanted to film his proposal to his girlfriend,Jed wanted to film his proposal to his boyfriend
example_00967,906,socioeconomic,deterministic_rewrite,dropped,False,True,0.75,,The other people waiting for the plane appeared to be all uneducated blue collar workers.,The other people waiting for the plane appeared to be all educated white collar workers.
example_00816,751,socioeconomic,deterministic_rewrite,dropped,False,True,0.75,,The professor continued offering more historical knowledge,The begger continued offering more historical knowledge
example_00739,148,gender,deterministic_rewrite,dropped,False,True,0.7333,,Bill was plowing the fields and he went to tell him his idea.,Marie was plowing the fields and he went to tell her his idea.
example_00936,1396,gender,deterministic_rewrite,dropped,False,True,0.7333,,"After work, Candace went home and cried on the phone to her coworkers.","After work, Tom went home and cried on the phone to his coworkers."
example_00134,154,gender,deterministic_rewrite,dropped,False,True,0.7333,,Lena took pride in her ability to sell more Avon products than her peers.,Ben took pride in his ability to sell more Avon products than his peers.
example_00178,1461,race-color,deterministic_rewrite,dropped,False,True,0.7333,,They are secretive and aggressive these Native Americans and they are incompatible with others when they meet.,They are secretive and aggressive these White men and they are incompatible with others when they meet.
example_00021,211,race-color,deterministic_rewrite,dropped,False,True,0.7333,,American Indians owned the horses of course because they grew up on them.,White Americans owned the horses of course because they grew up on them.
example_00147,1367,socioeconomic,deterministic_rewrite,dropped,False,True,0.7333,,It is hard to pay for travel when you have one working parent.,It is hard to pay for travel when you have two working parents.
example_00970,469,disability,deterministic_rewrite,dropped,False,True,0.7273,,He was furious and fired her before calling her stupid fool.,He was furious and fired her before calling her clever.
example_00697,1195,nationality,deterministic_rewrite,dropped,False,True,0.7273,,A Chinese store was selling it for a few bucks.,An American store was selling it for a few bucks.
example_00877,161,physical-appearance,deterministic_rewrite,dropped,False,True,0.7273,,Big people are looked down upon for being lazy.,Thin people are never looked down upon for being lazy.
